Date,Close
1/1/14,1.3763
1/2/14,1.36629
1/3/14,1.35867
1/4/14,1.3587
1/5/14,1.3594
1/6/14,1.3629
1/7/14,1.3615
1/8/14,1.3572
1/9/14,1.3606
1/10/14,1.36664
1/11/14,1.367
1/12/14,1.3669
1/13/14,1.3666
1/14/14,1.3667
1/15/14,1.3596
1/16/14,1.3617
1/17/14,1.35376
1/18/14,1.354
1/19/14,1.3526
1/20/14,1.35449
1/21/14,1.356
1/22/14,1.3542
1/23/14,1.3686
1/24/14,1.36755
1/25/14,1.3675
1/26/14,1.36901
1/27/14,1.3674
1/28/14,1.36544
1/29/14,1.3657
1/30/14,1.3557
1/31/14,1.34858
2/1/14,1.3487
2/2/14,1.3488
2/3/14,1.35243
2/4/14,1.3514
2/5/14,1.35328
2/6/14,1.35893
2/7/14,1.36341
2/8/14,1.3634
2/9/14,1.36193
2/10/14,1.36452
2/11/14,1.3637
2/12/14,1.3589
2/13/14,1.3677
2/14/14,1.36913
2/15/14,1.3691
2/16/14,1.3698
2/17/14,1.3703
2/18/14,1.37597
2/19/14,1.37278
2/20/14,1.37172
2/21/14,1.37362
2/22/14,1.3739
2/23/14,1.3737
2/24/14,1.37334
2/25/14,1.3745
2/26/14,1.36824
2/27/14,1.3707
2/28/14,1.38
3/1/14,1.38
3/2/14,1.3774
3/3/14,1.37359
3/4/14,1.37375
3/5/14,1.37307
3/6/14,1.38628
3/7/14,1.3879
3/8/14,1.3879
3/9/14,1.3877
3/10/14,1.3877
3/11/14,1.3855
3/12/14,1.3902
3/13/14,1.38641
3/14/14,1.3914
3/15/14,1.3914
3/16/14,1.39103
3/17/14,1.39263
3/18/14,1.393
3/19/14,1.38219
3/20/14,1.3779
3/21/14,1.37918
3/22/14,1.3797
3/23/14,1.37945
3/24/14,1.3837
3/25/14,1.38163
3/26/14,1.37815
3/27/14,1.3739
3/28/14,1.37513
3/29/14,1.3752
3/30/14,1.37477
3/31/14,1.3772
4/1/14,1.37923
4/2/14,1.37642
4/3/14,1.37162
4/4/14,1.36992
4/5/14,1.3705
4/6/14,1.3696
4/7/14,1.37429
4/8/14,1.37928
4/9/14,1.38528
4/10/14,1.3885
4/11/14,1.38832
4/12/14,1.3884
4/13/14,1.38457
4/14/14,1.3816
4/15/14,1.38152
4/16/14,1.38162
4/17/14,1.38113
4/18/14,1.3814
4/19/14,1.3814
4/20/14,1.3814
4/21/14,1.37929
4/22/14,1.38062
4/23/14,1.38177
4/24/14,1.38307
4/25/14,1.38317
4/26/14,1.3833
4/27/14,1.3839
4/28/14,1.38515
4/29/14,1.38078
4/30/14,1.3868
5/1/14,1.38693
5/2/14,1.38732
5/3/14,1.387616
5/4/14,1.3874
5/5/14,1.3874
5/6/14,1.39252
5/7/14,1.3909
5/8/14,1.384
5/9/14,1.37594
5/10/14,1.3759
5/11/14,1.3758
5/12/14,1.3757
5/13/14,1.37042
5/14/14,1.3716
5/15/14,1.3714
5/16/14,1.36922
5/17/14,1.3694
5/18/14,1.3697
5/19/14,1.37066
5/20/14,1.3699
5/21/14,1.3685
5/22/14,1.3655
5/23/14,1.3633
5/24/14,1.363307
5/25/14,1.3625
5/26/14,1.36435
5/27/14,1.36359
5/28/14,1.3594
5/29/14,1.3599
5/30/14,1.36292
5/31/14,1.363456
6/1/14,1.36266
6/2/14,1.35982
6/3/14,1.3627
6/4/14,1.3599
6/5/14,1.366
6/6/14,1.36402
6/7/14,1.3641
6/8/14,1.3641
6/9/14,1.3592
6/10/14,1.3544
6/11/14,1.35323
6/12/14,1.3549
6/13/14,1.3539
6/14/14,1.3539
6/15/14,1.35316
6/16/14,1.3572
6/17/14,1.35462
6/18/14,1.3587
6/19/14,1.3607
6/20/14,1.35977
6/21/14,1.36
6/22/14,1.35941
6/23/14,1.36021
6/24/14,1.3604
6/25/14,1.3632
6/26/14,1.36118
6/27/14,1.36473
6/28/14,1.365019
6/29/14,1.36448
6/30/14,1.36905
7/1/14,1.3679
7/2/14,1.3657
7/3/14,1.3609
7/4/14,1.35933
7/5/14,1.3596
7/6/14,1.3588
7/7/14,1.36064
7/8/14,1.3611
7/9/14,1.364
7/10/14,1.3606
7/11/14,1.36048
7/12/14,1.3608
7/13/14,1.36033
7/14/14,1.3619
7/15/14,1.3567
7/16/14,1.3525
7/17/14,1.3521
7/18/14,1.35239
7/19/14,1.3523
7/20/14,1.353
7/21/14,1.35224
7/22/14,1.3466
7/23/14,1.3458
7/24/14,1.3463
7/25/14,1.34285
7/26/14,1.343
7/27/14,1.3431
7/28/14,1.3437
7/29/14,1.34103
7/30/14,1.3395
7/31/14,1.3387
8/1/14,1.34287
8/2/14,1.343
8/3/14,1.3423
8/4/14,1.34201
8/5/14,1.337
8/6/14,1.3381
8/7/14,1.3359
8/8/14,1.34089
8/9/14,1.341453
8/10/14,1.34052
8/11/14,1.3385
8/12/14,1.3367
8/13/14,1.3365
8/14/14,1.3361
8/15/14,1.3398
8/16/14,1.340105
8/17/14,1.33878
8/18/14,1.336
8/19/14,1.3321
8/20/14,1.3258
8/21/14,1.328
8/22/14,1.3245
8/23/14,1.3245
8/24/14,1.31894
8/25/14,1.3186
8/26/14,1.3166
8/27/14,1.3193
8/28/14,1.3181
8/29/14,1.31312
8/30/14,1.313646
8/31/14,1.31331
9/1/14,1.31293
9/2/14,1.3132
9/3/14,1.31512
9/4/14,1.2934
9/5/14,1.29498
9/6/14,1.295286
9/7/14,1.29508
9/8/14,1.2896
9/9/14,1.2937
9/10/14,1.2923
9/11/14,1.2922
9/12/14,1.29615
9/13/14,1.2947
9/14/14,1.2962
9/15/14,1.2936
9/16/14,1.295
9/17/14,1.28382
9/18/14,1.2915
9/19/14,1.2829
9/20/14,1.2829
9/21/14,1.2835
9/22/14,1.2849
9/23/14,1.2846
9/24/14,1.27775
9/25/14,1.2756
9/26/14,1.26811
9/27/14,1.2683
9/28/14,1.26707
9/29/14,1.26888
9/30/14,1.26286
10/1/14,1.2618
10/2/14,1.2669
10/3/14,1.2514
10/4/14,1.2514
10/5/14,1.2509
10/6/14,1.2656
10/7/14,1.2666
10/8/14,1.273
10/9/14,1.2684
10/10/14,1.2627
10/11/14,1.2627
10/12/14,1.26453
10/13/14,1.2736
10/14/14,1.2642
10/15/14,1.2819
10/16/14,1.2804
10/17/14,1.27566
10/18/14,1.2758
10/19/14,1.27437
10/20/14,1.2795
10/21/14,1.271
10/22/14,1.2646
10/23/14,1.2651
10/24/14,1.26684
10/25/14,1.2669
10/26/14,1.26757
10/27/14,1.2699
10/28/14,1.2737
10/29/14,1.2631
10/30/14,1.2608
10/31/14,1.25213
11/1/14,1.252724
11/2/14,1.25016
11/3/14,1.2496
11/4/14,1.25511
11/5/14,1.24751
11/6/14,1.238
11/7/14,1.2454
11/8/14,1.245904
11/9/14,1.24594
11/10/14,1.2429
11/11/14,1.2474
11/12/14,1.2427
11/13/14,1.2472
11/14/14,1.25246
11/15/14,1.2524
11/16/14,1.25194
11/17/14,1.2447
11/18/14,1.2532
11/19/14,1.25391
11/20/14,1.25425
11/21/14,1.239
11/22/14,1.239
11/23/14,1.2374
11/24/14,1.24363
11/25/14,1.2476
11/26/14,1.25041
11/27/14,1.24596
11/28/14,1.24489
11/29/14,1.245392
11/30/14,1.2435
12/1/14,1.2468
12/2/14,1.2388
12/3/14,1.2315
12/4/14,1.23835
12/5/14,1.2285
12/6/14,1.2285
12/7/14,1.2294
12/8/14,1.2314
12/9/14,1.2394
12/10/14,1.2449
12/11/14,1.23906
12/12/14,1.24581
12/13/14,1.2462
12/14/14,1.2461
12/15/14,1.24423
12/16/14,1.25082
12/17/14,1.23372
12/18/14,1.22869
12/19/14,1.22277
12/20/14,1.223151
12/21/14,1.22244
12/22/14,1.222
12/23/14,1.2173
12/24/14,1.21947
12/25/14,1.2206
12/26/14,1.2194
12/27/14,1.219601
12/28/14,1.21676
12/29/14,1.21501
12/30/14,1.2158
12/31/14,1.20966
1/1/15,1.20886
1/2/15,1.20009
1/3/15,1.200393
1/4/15,1.1944
1/5/15,1.1936
1/6/15,1.1873
1/7/15,1.18332
1/8/15,1.17922
1/9/15,1.1841
1/10/15,1.184483
1/11/15,1.18696
1/12/15,1.183
1/13/15,1.17762
1/14/15,1.1783
1/15/15,1.1636
1/16/15,1.15594
1/17/15,1.15635
1/18/15,1.15632
1/19/15,1.15939
1/20/15,1.1545
1/21/15,1.16109
1/22/15,1.13425
1/23/15,1.12032
1/24/15,1.120862
1/25/15,1.11304
1/26/15,1.12483
1/27/15,1.1366
1/28/15,1.1284
1/29/15,1.1334
1/30/15,1.1286
1/31/15,1.1286
2/1/15,1.1307
2/2/15,1.13391
2/3/15,1.14577
2/4/15,1.1316
2/5/15,1.14711
2/6/15,1.1313
2/7/15,1.131695
2/8/15,1.1313
2/9/15,1.13242
2/10/15,1.1319
2/11/15,1.13101
2/12/15,1.14024
2/13/15,1.1385
2/14/15,1.138394
2/15/15,1.1397
2/16/15,1.13318
2/17/15,1.14037
2/18/15,1.1399
2/19/15,1.1365
2/20/15,1.138
2/21/15,1.138096
2/22/15,1.1379
2/23/15,1.1332
2/24/15,1.1338
2/25/15,1.13628
2/26/15,1.1203
2/27/15,1.11929
2/28/15,1.119795
3/1/15,1.11595
3/2/15,1.11766
3/3/15,1.11815
3/4/15,1.1079
3/5/15,1.10298
3/6/15,1.0848
3/7/15,1.084598
3/8/15,1.08415
3/9/15,1.0832
3/10/15,1.0707
3/11/15,1.05471
3/12/15,1.06241
3/13/15,1.04933
3/14/15,1.049857
3/15/15,1.048
3/16/15,1.0571
3/17/15,1.05968
3/18/15,1.08483
3/19/15,1.06681
3/20/15,1.0805
3/21/15,1.082403
3/22/15,1.0822
3/23/15,1.09464
3/24/15,1.09015
3/25/15,1.0961
3/26/15,1.08851
3/27/15,1.0896
3/28/15,1.0893
3/29/15,1.0882
3/30/15,1.08292
3/31/15,1.07373
4/1/15,1.07684
4/2/15,1.08682
4/3/15,1.0967
4/4/15,1.097694
4/5/15,1.0999
4/6/15,1.0933
4/7/15,1.0821
4/8/15,1.07829
4/9/15,1.06667
4/10/15,1.0601
4/11/15,1.0608
4/12/15,1.06075
4/13/15,1.0571
4/14/15,1.0646
4/15/15,1.06759
4/16/15,1.0758
4/17/15,1.08052
4/18/15,1.080894
4/19/15,1.08082
4/20/15,1.07472
4/21/15,1.07413
4/22/15,1.0724
4/23/15,1.08156
4/24/15,1.0871
4/25/15,1.087583
4/26/15,1.08663
4/27/15,1.08765
4/28/15,1.0966
4/29/15,1.1111
4/30/15,1.1212
5/1/15,1.12
5/2/15,1.119996
5/3/15,1.1185
5/4/15,1.1147
5/5/15,1.11838
5/6/15,1.134
5/7/15,1.1244
5/8/15,1.12085
5/9/15,1.119896
5/10/15,1.11924
5/11/15,1.1144
5/12/15,1.1219
5/13/15,1.1347
5/14/15,1.14009
5/15/15,1.14454
5/16/15,1.145134
5/17/15,1.14429
5/18/15,1.13239
5/19/15,1.1142
5/20/15,1.1098
5/21/15,1.111
5/22/15,1.10081
5/23/15,1.101406
5/25/15,1.09692
5/26/15,1.0884
5/27/15,1.08976
5/28/15,1.0959
5/29/15,1.09882
6/1/15,1.0919
6/2/15,1.1146
6/3/15,1.12558
6/4/15,1.1208
6/5/15,1.1111
6/8/15,1.12802
6/9/15,1.12942
6/10/15,1.131
6/11/15,1.12413
6/12/15,1.1261
6/15/15,1.12741
6/16/15,1.1238
6/17/15,1.1367
6/18/15,1.13698
6/19/15,1.1354
6/22/15,1.13459
6/23/15,1.1172
6/24/15,1.1203
6/25/15,1.1201
6/26/15,1.1166
6/29/15,1.1216
6/30/15,1.1133
7/1/15,1.10375
7/2/15,1.1085
7/3/15,1.11142
7/6/15,1.10472
7/7/15,1.1008
7/8/15,1.1068
7/9/15,1.10595
7/10/15,1.11472
7/13/15,1.09884
7/14/15,1.1006
7/15/15,1.0941
7/16/15,1.08828
7/17/15,1.0828
7/20/15,1.0833
7/21/15,1.0935
7/22/15,1.0923
7/23/15,1.0985
7/24/15,1.0975
7/27/15,1.1089
7/28/15,1.10633
7/29/15,1.09832
7/30/15,1.094
7/31/15,1.09814
8/3/15,1.0953
8/4/15,1.0885
8/5/15,1.09031
8/6/15,1.09236
8/7/15,1.0963
8/10/15,1.10153
8/11/15,1.1039
8/12/15,1.1156
8/13/15,1.1158
8/14/15,1.1105
8/17/15,1.1076
8/18/15,1.1029
8/19/15,1.1119
8/20/15,1.1235
8/21/15,1.1391
8/24/15,1.15796
8/25/15,1.15501
8/26/15,1.1336
8/27/15,1.1247
8/28/15,1.1181
8/31/15,1.1225
9/1/15,1.1293
9/2/15,1.1213
9/3/15,1.1125
9/4/15,1.11323
9/7/15,1.1161
9/8/15,1.1205
9/9/15,1.1218
9/10/15,1.12828
9/11/15,1.13349
9/14/15,1.1307
9/15/15,1.127
9/16/15,1.1292
9/17/15,1.1399
9/18/15,1.131
9/21/15,1.1188
9/22/15,1.1119
9/23/15,1.1187
9/24/15,1.11779
9/25/15,1.11929
9/28/15,1.1228
9/29/15,1.1252
9/30/15,1.11684
10/1/15,1.11917
10/2/15,1.12091
10/5/15,1.1194
10/6/15,1.1265
10/7/15,1.12376
10/8/15,1.1283
10/9/15,1.1357
10/12/15,1.1353
10/13/15,1.13828
10/14/15,1.1473
10/15/15,1.1366
10/16/15,1.1347
10/19/15,1.13257
10/20/15,1.1351
10/21/15,1.1346
10/22/15,1.10805
10/23/15,1.1016
10/26/15,1.106
10/27/15,1.10329
10/28/15,1.09253
10/29/15,1.0992
10/30/15,1.1006
10/31/15,1.100897
11/2/15,1.1014
11/3/15,1.09615
11/4/15,1.0865
11/5/15,1.0883
11/6/15,1.07363
11/7/15,1.074136
11/9/15,1.07577
11/10/15,1.07363
11/11/15,1.07612
11/12/15,1.0811
11/13/15,1.0768
11/14/15,1.077365
11/16/15,1.0687
11/17/15,1.0642
11/18/15,1.0668
11/19/15,1.07242
11/20/15,1.06451
11/22/15,1.06376
11/23/15,1.06389
11/24/15,1.0642
11/25/15,1.0622
11/26/15,1.0603
11/27/15,1.05903
11/28/15,1.059467
11/30/15,1.05697
12/1/15,1.06254
12/2/15,1.06103
12/3/15,1.0916
12/4/15,1.0883
12/5/15,1.088198
12/7/15,1.0833
12/8/15,1.08919
12/9/15,1.1015
12/10/15,1.09462
12/11/15,1.09922
12/12/15,1.099734
12/14/15,1.099
12/15/15,1.0935
12/16/15,1.08729
12/17/15,1.08425
12/18/15,1.08671
12/19/15,1.086862
12/21/15,1.09102
12/22/15,1.0947
12/23/15,1.0907
12/24/15,1.0963
12/25/15,1.0975
12/26/15,1.097996
12/28/15,1.0974
12/29/15,1.09249
12/30/15,1.0933
12/31/15,1.08578
1/1/16,1.086
1/2/16,1.086401
1/3/16,1.0851
1/4/16,1.0823
1/5/16,1.07501
1/6/16,1.0775
1/7/16,1.09243
1/8/16,1.09242
1/9/16,1.092585
1/10/16,1.09375
1/11/16,1.08561
1/12/16,1.0842
1/13/16,1.0884
1/14/16,1.0855
1/15/16,1.09107
1/16/16,1.091417
1/17/16,1.0916
1/18/16,1.08924
1/19/16,1.091
1/20/16,1.0875
1/21/16,1.08579
1/22/16,1.07969
1/23/16,1.079925
1/24/16,1.07968
1/25/16,1.08513
1/26/16,1.08612
1/27/16,1.0904
1/28/16,1.0934
1/29/16,1.08299
1/30/16,1.083224
1/31/16,1.08245
2/1/16,1.08955
2/2/16,1.09194
2/3/16,1.10919
2/4/16,1.1197
2/5/16,1.11573
2/6/16,1.115859
2/7/16,1.1142
2/8/16,1.1189
2/9/16,1.12878
2/10/16,1.12792
2/11/16,1.1315
2/12/16,1.12535
2/13/16,1.125657
2/14/16,1.12227
2/15/16,1.11748
2/16/16,1.1142
2/17/16,1.11201
2/18/16,1.11086
2/19/16,1.11292
2/20/16,1.1133
2/21/16,1.11208
2/22/16,1.10261
2/23/16,1.1023
2/24/16,1.10133
2/25/16,1.10228
2/26/16,1.09292
2/27/16,1.093123
2/28/16,1.09223
2/29/16,1.0885
3/1/16,1.0872
3/2/16,1.0867
3/3/16,1.0946
3/4/16,1.10056
3/5/16,1.100824
3/6/16,1.09936
3/7/16,1.10131
3/8/16,1.1001
3/9/16,1.09863
3/10/16,1.1175
3/11/16,1.1146
3/12/16,1.114827
3/13/16,1.1165
3/14/16,1.1101
3/15/16,1.1107
3/16/16,1.1217
3/17/16,1.1315
3/18/16,1.12692
3/19/16,1.127065
3/20/16,1.12759
3/21/16,1.12347
3/22/16,1.122
3/23/16,1.11777
3/24/16,1.1165
3/25/16,1.11596
3/26/16,1.116794
3/27/16,1.1155
3/28/16,1.12011
3/29/16,1.1288
3/30/16,1.13333
3/31/16,1.1379
4/1/16,1.13918
4/2/16,1.139575
4/3/16,1.13931
4/4/16,1.1385
4/5/16,1.13814
4/6/16,1.14015
4/7/16,1.137
4/8/16,1.13948
4/9/16,1.139951
4/10/16,1.1404
4/11/16,1.14111
4/12/16,1.13835
4/13/16,1.1276
4/14/16,1.1268
4/15/16,1.12835
4/16/16,1.128629
4/17/16,1.1296
4/18/16,1.13069
4/19/16,1.13573
4/20/16,1.13017
4/21/16,1.12896
4/22/16,1.12241
4/23/16,1.1221
4/24/16,1.12316
4/25/16,1.1266
4/26/16,1.12955
4/27/16,1.13268
4/28/16,1.1355
4/29/16,1.1447
4/30/16,1.144832
5/1/16,1.14614
5/2/16,1.15229
5/3/16,1.15007
5/4/16,1.1489
5/5/16,1.1402
5/6/16,1.14031
5/7/16,1.140484
5/8/16,1.1389
5/9/16,1.13851
5/10/16,1.13731
5/11/16,1.1424
5/12/16,1.1373
5/13/16,1.13061
5/14/16,1.130889
5/15/16,1.13152
5/16/16,1.1312
5/17/16,1.1313
5/18/16,1.1218
5/19/16,1.12044
5/20/16,1.1222
5/21/16,1.122422
5/22/16,1.12213
5/23/16,1.12129
5/24/16,1.1134
5/25/16,1.1156
5/26/16,1.1189
5/27/16,1.11111
5/28/16,1.111296
5/29/16,1.1108
5/30/16,1.1147
5/31/16,1.1132
6/1/16,1.11868
6/2/16,1.115
6/3/16,1.13654
6/4/16,1.136764
6/5/16,1.13485
6/6/16,1.13611
6/7/16,1.1356
6/8/16,1.1402
6/9/16,1.13122
6/10/16,1.12512
6/11/16,1.125289
6/12/16,1.12381
6/13/16,1.12878
6/14/16,1.1209
6/15/16,1.126
6/16/16,1.1256
6/17/16,1.12736
6/18/16,1.127738
6/19/16,1.1345
6/20/16,1.1321
6/21/16,1.1249
6/22/16,1.1324
6/23/16,1.13249
6/24/16,1.11065
6/25/16,1.112198
6/26/16,1.1038
6/27/16,1.1013
6/28/16,1.10728
6/29/16,1.11234
6/30/16,1.1105
7/1/16,1.11383
7/2/16,1.114032
7/3/16,1.1126
7/4/16,1.1144
7/5/16,1.1061
7/6/16,1.1096
7/7/16,1.10646
7/8/16,1.10498
7/9/16,1.105192
7/10/16,1.1042
7/11/16,1.10568
7/12/16,1.10593
7/13/16,1.10944
7/14/16,1.1105
7/15/16,1.10221
7/16/16,1.103704
7/17/16,1.10538
7/18/16,1.10697
7/19/16,1.1012
7/20/16,1.10176
7/21/16,1.10314
7/22/16,1.09752
7/23/16,1.097646
7/24/16,1.09685
7/25/16,1.09895
7/26/16,1.09867
7/27/16,1.1069
7/28/16,1.10825
7/29/16,1.11722
7/30/16,1.117805
7/31/16,1.11668
8/1/16,1.11666
8/2/16,1.12182
8/3/16,1.11503
8/4/16,1.11329
8/5/16,1.10865
8/6/16,1.108831
8/7/16,1.1087
8/8/16,1.10828
8/9/16,1.11161
8/10/16,1.11846
8/11/16,1.11376
8/12/16,1.11629
8/13/16,1.116495
8/14/16,1.11644
8/15/16,1.11814
8/16/16,1.12751
8/17/16,1.12983
8/18/16,1.13466
8/19/16,1.13226
8/20/16,1.132541
8/21/16,1.12953
8/22/16,1.1318
8/23/16,1.13007
8/24/16,1.12604
8/25/16,1.12866
8/26/16,1.11947
8/27/16,1.119758
8/28/16,1.11973
8/29/16,1.11922
8/30/16,1.11499
8/31/16,1.1157
9/1/16,1.1198
9/2/16,1.1154
9/3/16,1.1153
9/4/16,1.1159
9/5/16,1.11508
9/6/16,1.12509
9/7/16,1.12384
9/8/16,1.12683
9/9/16,1.12311
9/10/16,1.1229
9/11/16,1.12392
9/12/16,1.12409
9/13/16,1.1218
9/14/16,1.12463
9/15/16,1.1243
9/16/16,1.11555
9/17/16,1.115909
9/18/16,1.11568
9/19/16,1.11776
9/20/16,1.11528
9/21/16,1.11906
9/22/16,1.12089
9/23/16,1.12254
9/24/16,1.1221
9/25/16,1.12375
9/26/16,1.12488
9/27/16,1.12165
9/28/16,1.1223
9/29/16,1.12188
9/30/16,1.12401
10/1/16,1.1232
10/2/16,1.12316
10/3/16,1.12099
10/4/16,1.12078
10/5/16,1.12059
10/6/16,1.1141
10/7/16,1.11996
10/8/16,1.120109
10/9/16,1.11928
10/10/16,1.11369
10/11/16,1.10587
10/12/16,1.101
10/13/16,1.10472
10/14/16,1.097
10/15/16,1.0969
10/16/16,1.09651
10/17/16,1.10122
10/18/16,1.09745
10/19/16,1.09734
10/20/16,1.0929
10/21/16,1.08839
10/22/16,1.0884
10/23/16,1.08802
10/24/16,1.0872
10/25/16,1.0885
10/26/16,1.09089
10/27/16,1.08969
10/28/16,1.09843
10/29/16,1.0986
10/30/16,1.09833
10/31/16,1.09699
11/1/16,1.10544
11/2/16,1.10937
11/3/16,1.10983
11/4/16,1.11398
11/5/16,1.1137
11/6/16,1.10978
11/7/16,1.10494
11/8/16,1.1016
11/9/16,1.0918
11/10/16,1.08884
11/11/16,1.08563
11/12/16,1.085776
11/13/16,1.0823
11/14/16,1.0746
11/15/16,1.07235
11/16/16,1.07054
11/17/16,1.06205
11/18/16,1.05876
11/19/16,1.058996
11/20/16,1.05822
11/21/16,1.06373
11/22/16,1.06314
11/23/16,1.05422
11/24/16,1.05591
11/25/16,1.05771
11/26/16,1.059703
11/27/16,1.06094
11/28/16,1.06188
11/29/16,1.06459
11/30/16,1.05907
12/1/16,1.0661
12/2/16,1.0666
12/3/16,1.0667
12/4/16,1.05831
12/5/16,1.07538
12/6/16,1.07182
12/7/16,1.07584
12/8/16,1.06194
12/9/16,1.05561
12/10/16,1.056155
12/11/16,1.0546
12/12/16,1.064
12/13/16,1.06256
12/14/16,1.0511
12/15/16,1.04162
12/16/16,1.04487
12/17/16,1.0452
12/18/16,1.0445
12/19/16,1.04034
12/20/16,1.03894
12/21/16,1.0426
12/22/16,1.04368
12/23/16,1.04513
12/24/16,1.0456
12/25/16,1.04514
12/26/16,1.0453
12/27/16,1.04604
12/28/16,1.04155
12/29/16,1.05716
12/30/16,1.052
12/31/16,1.0517
1/1/17,1.05259
1/2/17,1.04571
1/3/17,1.04173
1/4/17,1.0498
1/5/17,1.0604
1/6/17,1.05306
1/7/17,1.053
1/8/17,1.05288
1/9/17,1.05874
1/10/17,1.05524
1/11/17,1.05946
1/12/17,1.06141
1/13/17,1.06399
1/14/17,1.0643
1/15/17,1.0628
1/16/17,1.06023
1/17/17,1.06961
1/18/17,1.06268
1/19/17,1.06588
1/20/17,1.06916
1/21/17,1.0701
1/22/17,1.07127
1/23/17,1.07588
1/24/17,1.07278
1/25/17,1.07512
1/26/17,1.06821
1/27/17,1.06964
1/28/17,1.069884
1/29/17,1.07135
1/30/17,1.0708
1/31/17,1.08012
2/1/17,1.0766
2/2/17,1.07607
2/3/17,1.07854
2/4/17,1.078748
2/5/17,1.07821
2/6/17,1.07427
2/7/17,1.06774
2/8/17,1.06914
2/9/17,1.0657
2/10/17,1.06406
2/11/17,1.064214
2/12/17,1.0617
2/13/17,1.05977
2/14/17,1.0578
2/15/17,1.06066
2/16/17,1.06716
2/17/17,1.06153
2/18/17,1.061785
2/19/17,1.06259
2/20/17,1.06084
2/21/17,1.05413
2/22/17,1.055
2/23/17,1.05837
2/24/17,1.05601
2/25/17,1.0561
2/26/17,1.05522
2/27/17,1.05837
2/28/17,1.05683
3/1/17,1.05347
3/2/17,1.0506
3/3/17,1.06214
3/4/17,1.062484
3/5/17,1.06196
3/6/17,1.05785
3/7/17,1.05691
3/8/17,1.0545
3/9/17,1.05777
3/10/17,1.06731
3/12/17,1.06891
3/13/17,1.06504
3/14/17,1.0612
3/15/17,1.07367
3/16/17,1.07725
3/17/17,1.07381
3/18/17,1.0743
3/19/17,1.07419
3/20/17,1.0735
3/21/17,1.08119
3/22/17,1.07908
3/23/17,1.07836
3/24/17,1.07971
3/25/17,1.0804
3/26/17,1.08466
3/27/17,1.08602
3/28/17,1.08167
3/29/17,1.07575
3/30/17,1.06862
3/31/17,1.06536
4/1/17,1.065655
4/2/17,1.0668
4/3/17,1.0669
4/4/17,1.06798
4/5/17,1.06718
4/6/17,1.06439
4/7/17,1.05896
4/8/17,1.059153
4/9/17,1.05814
4/10/17,1.05969
4/11/17,1.06103
4/12/17,1.06697
4/13/17,1.06154
4/14/17,1.06103
4/15/17,1.0612
4/16/17,1.06097
4/17/17,1.06439
4/18/17,1.07278
4/19/17,1.07142
4/20/17,1.07141
4/21/17,1.07236
4/22/17,1.0728
4/23/17,1.0873
4/24/17,1.0865
4/25/17,1.0928
4/26/17,1.09083
4/27/17,1.08636
4/28/17,1.08944
4/29/17,1.089763
4/30/17,1.09063
5/1/17,1.09082
5/2/17,1.0934
5/3/17,1.08882
5/4/17,1.09806
5/5/17,1.09992
5/6/17,1.099976
5/7/17,1.09645
5/8/17,1.09252
5/9/17,1.0886
5/10/17,1.0867
5/11/17,1.0864
5/12/17,1.09299
5/13/17,1.093326
5/14/17,1.09265
5/15/17,1.09789
5/16/17,1.10933
5/17/17,1.11556
5/18/17,1.11107
5/19/17,1.12071
5/20/17,1.120774
5/21/17,1.12042
5/22/17,1.12382
5/23/17,1.11789
5/24/17,1.12301
5/25/17,1.12103
5/26/17,1.11809
5/27/17,1.1182
5/28/17,1.11749
5/29/17,1.11285
5/30/17,1.11711
5/31/17,1.1238
6/1/17,1.12134
6/2/17,1.12815
6/3/17,1.1283
6/4/17,1.12798
6/5/17,1.1254
6/6/17,1.12705
6/7/17,1.12545
6/8/17,1.11833
6/9/17,1.11959
6/10/17,1.1192
6/11/17,1.11999
6/12/17,1.11956
6/13/17,1.12083
6/14/17,1.12121
6/15/17,1.11459
6/16/17,1.11942
6/17/17,1.1184
6/18/17,1.1205
6/19/17,1.11439
6/20/17,1.11364
6/21/17,1.11665
6/22/17,1.1149
6/23/17,1.11934
6/24/17,1.119407
6/25/17,1.11981
6/26/17,1.1182
6/27/17,1.13366
6/28/17,1.13819
6/29/17,1.14394
6/30/17,1.14235
7/1/17,1.1426
7/2/17,1.14225
7/3/17,1.13707
7/4/17,1.136
7/5/17,1.13462
7/6/17,1.14244
7/7/17,1.14003
7/8/17,1.140263
7/9/17,1.14034
7/10/17,1.1396
7/11/17,1.14733
7/12/17,1.14182
7/13/17,1.14034
7/14/17,1.14692
7/15/17,1.147012
7/16/17,1.14748
7/17/17,1.14734
7/18/17,1.15494
7/19/17,1.15278
7/20/17,1.16283
7/21/17,1.16626
7/22/17,1.166
7/23/17,1.16809
7/24/17,1.16382
7/25/17,1.16439
7/26/17,1.17277
7/27/17,1.16879
7/28/17,1.17469
7/29/17,1.1753
7/30/17,1.17466
7/31/17,1.18234
8/1/17,1.18105
8/2/17,1.18499
8/3/17,1.1882
8/4/17,1.17726
8/5/17,1.177398
8/6/17,1.17779
8/7/17,1.18002
8/8/17,1.17539
8/9/17,1.1761
8/10/17,1.17691
8/11/17,1.1821
8/12/17,1.1818
8/13/17,1.18248
8/14/17,1.17736
8/15/17,1.17408
8/16/17,1.17734
8/17/17,1.1713
8/18/17,1.17587
8/19/17,1.176
8/20/17,1.17553
8/21/17,1.18113
8/22/17,1.17623
8/23/17,1.1816
8/24/17,1.17982
8/25/17,1.19216
8/26/17,1.1924
8/27/17,1.19513
8/28/17,1.19631
8/29/17,1.19696
8/30/17,1.1889
8/31/17,1.19098
9/1/17,1.1861
9/2/17,1.1861
9/3/17,1.18821
9/4/17,1.18931
9/5/17,1.1923
9/6/17,1.19273
9/7/17,1.20282
9/8/17,1.2033
9/9/17,1.2036
9/10/17,1.20168
9/11/17,1.1958
9/12/17,1.1971
9/13/17,1.18864
9/14/17,1.1921
9/15/17,1.19452
9/16/17,1.1948
9/17/17,1.1936
9/18/17,1.19583
9/19/17,1.1992
9/20/17,1.18713
9/21/17,1.19451
9/22/17,1.19474
9/23/17,1.194785
9/24/17,1.19267
9/25/17,1.18549
9/26/17,1.17854
9/27/17,1.17487
9/28/17,1.17808
9/29/17,1.17413
9/30/17,1.174163
10/1/17,1.1806
10/2/17,1.17333
10/3/17,1.17471
10/4/17,1.17565
10/5/17,1.17113
10/6/17,1.17271
10/7/17,1.1732
10/8/17,1.17419
10/9/17,1.1741
10/10/17,1.1812
10/11/17,1.18643
10/12/17,1.18311
10/13/17,1.18178
10/14/17,1.182
10/15/17,1.18134
10/16/17,1.1795
10/17/17,1.17703
10/18/17,1.17945
10/19/17,1.18474
10/20/17,1.1783
10/21/17,1.178
10/22/17,1.1753
10/23/17,1.17548
10/24/17,1.17583
10/25/17,1.1818
10/26/17,1.16365
10/27/17,1.16062
10/28/17,1.161022
10/29/17,1.16039
10/30/17,1.1652
10/31/17,1.16512
11/1/17,1.1628
11/2/17,1.16587
11/3/17,1.16063
11/4/17,1.1618
11/5/17,1.16141
11/6/17,1.1612
11/7/17,1.16006
11/8/17,1.15929
11/9/17,1.16463
11/10/17,1.16628
11/11/17,1.166684
11/12/17,1.16603
11/13/17,1.16645
11/14/17,1.17914
11/15/17,1.17823
11/16/17,1.1775
11/17/17,1.17894
11/18/17,1.179356
11/19/17,1.17312
11/20/17,1.1737
11/21/17,1.17363
11/22/17,1.18141
11/23/17,1.1848
11/24/17,1.19298
11/25/17,1.193
11/26/17,1.19252
11/27/17,1.19045
11/28/17,1.18473
11/29/17,1.1852
11/30/17,1.18977
12/1/17,1.18952
12/2/17,1.189937
12/3/17,1.18588
12/4/17,1.18674
12/5/17,1.18308
12/6/17,1.18039
12/7/17,1.1772
12/8/17,1.1772
12/9/17,1.1764
12/10/17,1.1767
12/11/17,1.17756
12/12/17,1.1741
12/13/17,1.1834
12/14/17,1.17742
12/15/17,1.17474
12/16/17,1.175115
12/17/17,1.17429
12/18/17,1.1783
12/19/17,1.1837
12/20/17,1.18776
12/21/17,1.18566
12/22/17,1.18603
12/23/17,1.1858
12/24/17,1.1847
12/25/17,1.1872
12/26/17,1.18574
12/27/17,1.19001
12/28/17,1.1938
12/29/17,1.2002
12/30/17,1.1997
12/31/17,1.2002
1/1/18,1.20109
1/2/18,1.20629
1/3/18,1.20098
1/4/18,1.20681
1/5/18,1.20282
1/6/18,1.203224
1/7/18,1.20368
1/8/18,1.19698
1/9/18,1.19286
1/10/18,1.19556
1/11/18,1.20415
1/12/18,1.22009
1/13/18,1.2195
1/14/18,1.2192
1/15/18,1.22671
1/16/18,1.22705
1/17/18,1.21832
1/18/18,1.22352
1/19/18,1.22222
1/20/18,1.222613
1/21/18,1.22548
1/22/18,1.2254
1/23/18,1.23095
1/24/18,1.239
1/25/18,1.23917
1/26/18,1.2425
1/27/18,1.242992
1/28/18,1.24274
1/29/18,1.23801
1/30/18,1.24088
1/31/18,1.24174
2/1/18,1.25092
2/2/18,1.2461
2/3/18,1.2461
2/4/18,1.24463
2/5/18,1.2367
2/6/18,1.23805
2/7/18,1.2267
2/8/18,1.22599
2/9/18,1.2244
2/10/18,1.2244
2/11/18,1.22522
2/12/18,1.2301
2/13/18,1.23532
2/14/18,1.24666
2/15/18,1.25029
2/16/18,1.2406
2/17/18,1.2406
2/18/18,1.2411
2/19/18,1.23977
2/20/18,1.23347
2/21/18,1.22812
2/22/18,1.23259
2/23/18,1.2293
2/24/18,1.2293
2/25/18,1.22865
2/26/18,1.2315
2/27/18,1.22296
2/28/18,1.219
3/1/18,1.22694
3/2/18,1.2317
3/3/18,1.2317
3/4/18,1.23147
3/5/18,1.23352
3/6/18,1.24159
3/7/18,1.2411
3/8/18,1.2305
3/9/18,1.2306
3/10/18,1.230905
3/11/18,1.2307
3/12/18,1.23391
3/13/18,1.23919
3/14/18,1.2375
3/15/18,1.2305
3/16/18,1.2295
3/17/18,1.2298
3/18/18,1.22802
3/19/18,1.23365
3/20/18,1.22475
3/21/18,1.2347
3/22/18,1.23236
3/23/18,1.2356
3/24/18,1.2356
3/25/18,1.23537
3/26/18,1.24568
3/27/18,1.2407
3/28/18,1.23099
3/29/18,1.23018
3/30/18,1.2329
3/31/18,1.2329
4/1/18,1.23135
4/2/18,1.2292
4/3/18,1.22777
4/4/18,1.2286
4/5/18,1.22509
4/6/18,1.2297
4/7/18,1.2297
4/8/18,1.22708
4/9/18,1.23217
4/10/18,1.23624
4/11/18,1.23713
4/12/18,1.23293
4/13/18,1.2346
4/14/18,1.234903
4/15/18,1.23314
4/16/18,1.23844
4/17/18,1.23727
4/18/18,1.2378
4/19/18,1.2344
4/20/18,1.2311
4/21/18,1.231405
4/22/18,1.2272
4/23/18,1.22083
4/24/18,1.2238
4/25/18,1.2172
4/26/18,1.21089
4/27/18,1.2146
4/28/18,1.214904
4/29/18,1.2121
4/30/18,1.2079
5/1/18,1.19912
5/2/18,1.19503
5/3/18,1.19886
5/4/18,1.1976
5/5/18,1.197906
5/6/18,1.19543
5/7/18,1.1933
5/8/18,1.1868
5/9/18,1.18465
5/10/18,1.1912
5/11/18,1.1959
5/12/18,1.1959
5/13/18,1.19516
5/14/18,1.19305
5/15/18,1.18205
5/16/18,1.18146
5/17/18,1.1791
5/18/18,1.1789
5/19/18,1.1789
5/20/18,1.1765
5/21/18,1.17897
5/22/18,1.17878
5/23/18,1.17096
5/24/18,1.17221
5/25/18,1.1655
5/26/18,1.1655
5/27/18,1.16882
5/28/18,1.1626
5/29/18,1.15364
5/30/18,1.1663
5/31/18,1.16927
6/1/18,1.1668
6/2/18,1.167106
6/3/18,1.1667
6/4/18,1.17
6/5/18,1.1724
6/6/18,1.17821
6/7/18,1.1792
6/8/18,1.178
6/9/18,1.1783
6/10/18,1.17833
6/11/18,1.17735
6/12/18,1.17472
6/13/18,1.1804
6/14/18,1.15659
6/15/18,1.162
6/16/18,1.162304
6/17/18,1.15931
6/18/18,1.16297
6/19/18,1.1588
6/20/18,1.15784
6/21/18,1.1605
6/22/18,1.1666
6/23/18,1.166901
6/24/18,1.16607
6/25/18,1.17003
6/26/18,1.16497
6/27/18,1.15632
6/28/18,1.15621
6/29/18,1.1702
6/30/18,1.1702
7/1/18,1.1677
7/2/18,1.164
7/3/18,1.16584
7/4/18,1.16615
7/5/18,1.16922
7/6/18,1.1753
7/7/18,1.1753
7/8/18,1.17515
7/9/18,1.1756
7/10/18,1.17256
7/11/18,1.16748
7/12/18,1.16642
7/13/18,1.17
7/14/18,1.1698
7/15/18,1.16784
7/16/18,1.17088
7/17/18,1.1653
7/18/18,1.16448
7/19/18,1.16547
7/20/18,1.1729
7/21/18,1.173199
7/22/18,1.17412
7/23/18,1.16933
7/24/18,1.1684
7/25/18,1.1736
7/26/18,1.16423
7/27/18,1.1671
7/28/18,1.167406
7/29/18,1.166
7/30/18,1.17072
7/31/18,1.1689
8/1/18,1.16635
8/2/18,1.1583
8/3/18,1.1581
8/4/18,1.158399
8/5/18,1.15618
8/6/18,1.1557
8/7/18,1.1601
8/8/18,1.161
8/9/18,1.15232
8/10/18,1.1421
8/11/18,1.1424
8/12/18,1.13923
8/13/18,1.14003
8/14/18,1.1345
8/15/18,1.13403
8/16/18,1.13707
8/17/18,1.1447
8/18/18,1.145003
8/19/18,1.14371
8/20/18,1.14906
8/21/18,1.15744
8/22/18,1.1584
8/23/18,1.15397
8/24/18,1.1631
8/25/18,1.163399
8/26/18,1.1648
8/27/18,1.1681
8/28/18,1.16907
8/29/18,1.17091
8/30/18,1.16641
8/31/18,1.162
9/1/18,1.162
9/2/18,1.1598
9/3/18,1.16149
9/4/18,1.15859
9/5/18,1.16339
9/6/18,1.16194
9/7/18,1.157
9/8/18,1.157
9/9/18,1.156
9/10/18,1.15932
9/11/18,1.1595
9/12/18,1.16256
9/13/18,1.1691
9/14/18,1.1633
9/15/18,1.163602
9/16/18,1.1627
9/17/18,1.16686
9/18/18,1.16792
9/19/18,1.16739
9/20/18,1.1775
9/21/18,1.1768
9/22/18,1.1768
9/23/18,1.1748
9/24/18,1.1752
9/25/18,1.17627
9/26/18,1.17477
9/27/18,1.16368
9/28/18,1.162
9/29/18,1.162304
9/30/18,1.16044
10/1/18,1.1577
10/2/18,1.15512
10/3/18,1.1474
10/4/18,1.15174
10/5/18,1.1533
10/6/18,1.153602
10/7/18,1.1521
10/8/18,1.1493
10/9/18,1.1504
10/10/18,1.15329
10/11/18,1.15898
10/12/18,1.1574
10/13/18,1.157702
10/14/18,1.15506
10/15/18,1.15827
10/16/18,1.15746
10/17/18,1.15001
10/18/18,1.14539
10/19/18,1.1529
10/20/18,1.153203
10/21/18,1.1508
10/22/18,1.14642
10/23/18,1.14717
10/24/18,1.13986
10/25/18,1.1373
10/26/18,1.1423
10/27/18,1.1423
10/28/18,1.1396
10/29/18,1.13755
10/30/18,1.13456
10/31/18,1.13162
11/1/18,1.14026
11/2/18,1.1387
11/3/18,1.139004
11/4/18,1.1395
11/5/18,1.1409
11/6/18,1.14377
11/7/18,1.1434
11/8/18,1.13677
11/9/18,1.1336
11/10/18,1.1336
11/11/18,1.1324
11/12/18,1.1224
11/13/18,1.1309
11/14/18,1.13111
11/15/18,1.1325
11/16/18,1.1419
11/17/18,1.1419
11/18/18,1.14132
11/19/18,1.14541
11/20/18,1.13716
11/21/18,1.13876
11/22/18,1.14024
11/23/18,1.1341
11/24/18,1.134404
11/25/18,1.13363
11/26/18,1.13327
11/27/18,1.1297
11/28/18,1.1368
11/29/18,1.1392
11/30/18,1.1316
12/1/18,1.1319
12/2/18,1.13414
12/3/18,1.1354
12/4/18,1.1342
12/5/18,1.1348
12/6/18,1.13741
12/7/18,1.1381
12/8/18,1.138246
12/9/18,1.13999
12/10/18,1.1355
12/11/18,1.13222
12/12/18,1.13727
12/13/18,1.13629
12/14/18,1.1308
12/15/18,1.130947
12/16/18,1.13049
12/17/18,1.13485
12/18/18,1.13746
12/19/18,1.13866
12/20/18,1.1456
12/21/18,1.1382
12/22/18,1.1382
12/23/18,1.13721
12/24/18,1.14
12/25/18,1.1413
12/26/18,1.13604
12/27/18,1.14302
12/28/18,1.1437
12/29/18,1.143844
12/30/18,1.1439
12/31/18,1.149
1/1/19,1.14608
1/2/19,1.13176
1/3/19,1.13901
1/4/19,1.1394
1/5/19,1.1394
1/6/19,1.14097
1/7/19,1.1479
1/8/19,1.14554
1/9/19,1.15542
1/10/19,1.1507
1/11/19,1.1468
1/12/19,1.1468
1/13/19,1.146
1/14/19,1.14721
1/15/19,1.1412
1/16/19,1.13973
1/17/19,1.13915
1/18/19,1.1371
1/19/19,1.137249
1/20/19,1.13648
1/21/19,1.13679
1/22/19,1.13631
1/23/19,1.1386
1/24/19,1.1311
1/25/19,1.1399
1/26/19,1.140049
1/27/19,1.14124
1/28/19,1.1427
1/29/19,1.1434
1/30/19,1.1484
1/31/19,1.1448
2/1/19,1.1456
2/2/19,1.145895
2/3/19,1.14544
2/4/19,1.14354
2/5/19,1.1409
2/6/19,1.13646
2/7/19,1.1338
2/8/19,1.1334
2/9/19,1.133696
2/10/19,1.13235
2/11/19,1.1278
2/12/19,1.13338
2/13/19,1.12642
2/14/19,1.12945
2/15/19,1.1295
2/16/19,1.1295
2/17/19,1.1295
2/18/19,1.13113
2/19/19,1.1339
2/20/19,1.1345
2/21/19,1.1338
2/22/19,1.134
2/23/19,1.134301
2/24/19,1.13414
2/25/19,1.1364
2/26/19,1.1393
2/27/19,1.13795
2/28/19,1.13727
3/1/19,1.1376
3/2/19,1.1376
3/3/19,1.137555
3/4/19,1.1337
3/5/19,1.13075
3/6/19,1.13125
3/7/19,1.119795
3/8/19,1.12395
3/9/19,1.12395
3/10/19,1.123195
3/11/19,1.125925
3/12/19,1.128625
3/13/19,1.13313
3/14/19,1.130805
3/15/19,1.13415
3/16/19,1.134449
3/17/19,1.13194
3/18/19,1.133585
3/19/19,1.135425
3/20/19,1.14278
3/21/19,1.13755
3/22/19,1.13205
3/23/19,1.132047
3/24/19,1.129645
3/25/19,1.13155
3/26/19,1.12755
3/27/19,1.125115
3/28/19,1.12285
3/29/19,1.12315
3/30/19,1.12315
3/31/19,1.12234
4/1/19,1.120535
4/2/19,1.12035
4/3/19,1.124465
4/4/19,1.12225
4/5/19,1.12325
4/6/19,1.12325
4/7/19,1.12185
4/8/19,1.12565
4/9/19,1.12665
4/10/19,1.12765
4/11/19,1.12605
4/12/19,1.13215
4/13/19,1.13195
4/14/19,1.13045
4/15/19,1.130385
4/16/19,1.128465
4/17/19,1.129695
4/18/19,1.12355
4/19/19,1.12465
4/20/19,1.12465
4/21/19,1.12439
4/22/19,1.12592
4/23/19,1.12235
4/24/19,1.115315
4/25/19,1.11375
4/26/19,1.11625
4/27/19,1.11635
4/28/19,1.11505
4/29/19,1.118505
4/30/19,1.12155
5/1/19,1.120045
5/2/19,1.11725
5/3/19,1.12115
5/4/19,1.12115
5/5/19,1.11835
5/6/19,1.12025
5/7/19,1.11901
5/8/19,1.119775
5/9/19,1.12187
5/10/19,1.12315
5/11/19,1.12355
5/12/19,1.12385
5/13/19,1.12321
5/14/19,1.12055
5/15/19,1.12069
5/16/19,1.11732
5/17/19,1.11675
5/18/19,1.11675
5/19/19,1.11649
5/20/19,1.116845
5/21/19,1.11645
5/22/19,1.11545
5/23/19,1.11845
5/24/19,1.12065
5/25/19,1.12065
5/26/19,1.12115
5/27/19,1.11934
5/28/19,1.11675
5/29/19,1.11369
5/30/19,1.113075
5/31/19,1.11985
6/1/19,1.11985
6/2/19,1.11737
6/3/19,1.124555
6/4/19,1.125375
6/5/19,1.12295
6/6/19,1.1277
6/7/19,1.13405
6/8/19,1.13415
6/9/19,1.13215
6/10/19,1.13177
6/11/19,1.13291
6/12/19,1.12945
6/13/19,1.12805
6/14/19,1.12355
6/15/19,1.12375
6/16/19,1.12167
6/17/19,1.12242
6/18/19,1.11985
6/19/19,1.123525
6/20/19,1.129495
6/21/19,1.13955
6/22/19,1.13955
6/23/19,1.13855
6/24/19,1.13995
6/25/19,1.136725
6/26/19,1.13743
6/27/19,1.13715
6/28/19,1.13885
6/29/19,1.13895
6/30/19,1.13615
7/1/19,1.12871
7/2/19,1.129135
7/3/19,1.12875
7/4/19,1.12854
7/5/19,1.12325
7/6/19,1.12315
7/7/19,1.122735
7/8/19,1.12165
7/9/19,1.12045
7/10/19,1.125845
7/11/19,1.12503
7/12/19,1.12865
7/13/19,1.12875
7/14/19,1.12725
7/15/19,1.126165
7/16/19,1.12135
7/17/19,1.12275
7/18/19,1.12611
7/19/19,1.12335
7/20/19,1.12335
7/21/19,1.1218
7/22/19,1.12061
7/23/19,1.11515
7/24/19,1.114215
7/25/19,1.11465
7/26/19,1.11475
7/27/19,1.11475
7/28/19,1.112995
7/29/19,1.11445
7/30/19,1.115755
7/31/19,1.10712
8/1/19,1.10784
8/2/19,1.11295
8/3/19,1.11295
8/4/19,1.110765
8/5/19,1.12435
8/6/19,1.120495
8/7/19,1.12045
8/8/19,1.11875
8/9/19,1.13105
8/10/19,1.13115
8/11/19,1.1208
8/12/19,1.121555
8/13/19,1.11766
8/14/19,1.11425
8/15/19,1.11125
8/16/19,1.10945
8/17/19,1.10945
8/18/19,1.10925
8/19/19,1.10925
8/20/19,1.10974
8/21/19,1.10895
8/22/19,1.10845
8/23/19,1.12405
8/24/19,1.12405
8/25/19,1.11431
8/26/19,1.11015
8/27/19,1.10925
8/28/19,1.108545
8/29/19,1.106
8/30/19,1.10105
8/31/19,1.10105
9/1/19,1.09915
9/2/19,1.09645
9/3/19,1.09735
9/4/19,1.10355
9/5/19,1.10335
9/6/19,1.11315
9/7/19,1.11325
9/8/19,1.10205
9/9/19,1.10482
9/10/19,1.104755
9/11/19,1.101325
9/12/19,1.10557
9/13/19,1.11565
9/14/19,1.11565
9/15/19,1.10845
9/16/19,1.10025
9/17/19,1.10755
9/18/19,1.10293
9/19/19,1.10459
9/20/19,1.102075
9/21/19,1.10175
9/22/19,1.101875
9/23/19,1.0993
9/24/19,1.10135
9/25/19,1.095305
9/26/19,1.092295
9/27/19,1.094105
9/28/19,1.094105
9/29/19,1.09425
9/30/19,1.08992
10/1/19,1.09345
10/2/19,1.09615
10/3/19,1.097495
10/4/19,1.09795
10/5/19,1.09795
10/6/19,1.09845
10/7/19,1.09735
10/8/19,1.095965
10/9/19,1.09845
10/10/19,1.10107
10/11/19,1.1039
10/12/19,1.10375
10/13/19,1.10285
10/14/19,1.10263
10/15/19,1.103435
10/16/19,1.10745
10/17/19,1.11253
10/18/19,1.11715
10/19/19,1.11695
10/20/19,1.11555
10/21/19,1.11518
10/22/19,1.1129
10/23/19,1.11315
10/24/19,1.11036
10/25/19,1.108025
10/26/19,1.10805
10/27/19,1.10845
10/28/19,1.10987
10/29/19,1.11125
10/30/19,1.11524
10/31/19,1.11568
11/1/19,1.11905
11/2/19,1.11925
11/3/19,1.11662
11/4/19,1.11284
11/5/19,1.1074
11/6/19,1.10705
11/7/19,1.105225
11/8/19,1.101895
11/9/19,1.101895
11/10/19,1.10221
11/11/19,1.1035
11/12/19,1.10121
11/13/19,1.10105
11/14/19,1.10198
11/15/19,1.10513
11/16/19,1.1051
11/17/19,1.10541
11/18/19,1.10715
11/19/19,1.10781
11/20/19,1.107865
11/21/19,1.10656
11/22/19,1.10216
11/23/19,1.10216
11/24/19,1.102215
11/25/19,1.10105
11/26/19,1.102215
11/27/19,1.10035
11/28/19,1.101135
11/29/19,1.101745
11/30/19,1.101995
12/1/19,1.101905
12/2/19,1.107615
12/3/19,1.108205
12/4/19,1.108265
12/5/19,1.110465
12/6/19,1.10585
12/7/19,1.10585
12/8/19,1.1059
12/9/19,1.10642
12/10/19,1.10927
12/11/19,1.11345
12/12/19,1.11855
12/13/19,1.1119
12/14/19,1.1119
12/15/19,1.112415
12/16/19,1.11366
12/17/19,1.1151
12/18/19,1.11156
12/19/19,1.11235
12/20/19,1.10772
12/21/19,1.10772
12/22/19,1.10796
12/23/19,1.10919
12/24/19,1.10885
12/25/19,1.10965
12/26/19,1.11007
12/27/19,1.117685
12/28/19,1.117685
12/29/19,1.11818
12/30/19,1.12025
12/31/19,1.12215
1/1/20,1.121895
1/2/20,1.117085
1/3/20,1.1159
1/4/20,1.1159
1/5/20,1.11622
1/6/20,1.11953
1/7/20,1.115135
1/8/20,1.111275
1/9/20,1.11105
1/10/20,1.1121
1/11/20,1.1122
1/12/20,1.111635
1/13/20,1.113535